"unaligned","aligned_unmapped","mapped_to_exon","mapped_to_intron","ambiguous_mapping","mapped_to_ERCC","mapped_to_MT","number_of_genes","total_count_per_cell","non_ERCC_percent","non_mt_percent","non_ribo_percent","outliers","cell_name","p_column","p_row","mix","H2228_prop","H1975_prop","HCC827_prop","mRNA_amount"
"L19",81976,5136,139263,11825,3310,200,23158,9004,54474,0.998017402614455,0.82132760567953,0.926258228465281,"FALSE","L19","L",19,6,0.68,0.16,0.16,30
"A10",25523,2223,55982,5610,1193,217,15678,5944,21582,0.994578815218896,0.81160226076749,0.927809782314066,"FALSE","A10","A",10,1,0.33,0.33,0.33,7.5
"A11",43820,4036,99274,10019,2583,219,22285,8214,40022,0.996876717556125,0.814252161107828,0.923092068589259,"FALSE","A11","A",11,1,0.33,0.33,0.33,15
"A12",56199,5201,130996,13138,3373,298,29834,8753,48213,0.996909547010783,0.813390579135629,0.920456947201596,"FALSE","A12","A",12,1,0.33,0.33,0.33,15
"A13",46307,4206,104768,10144,2479,235,24891,7995,38447,0.996956849429876,0.80656488131543,0.921033911349673,"FALSE","A13","A",13,1,0.33,0.33,0.33,15
"A14",55039,5194,125132,12248,2914,279,30784,8528,46136,0.997095543394075,0.808869429337422,0.919867149326524,"FALSE","A14","A",14,1,0.33,0.33,0.33,15
"A15",48679,4154,103433,10345,2506,249,28200,7706,37062,0.996843127462942,0.806891155143573,0.922346089702097,"FALSE","A15","A",15,1,0.33,0.33,0.33,15
"A16",43761,4000,95476,8913,2387,235,23557,7846,37867,0.996778197111792,0.803760530064763,0.923072616507086,"FALSE","A16","A",16,1,0.33,0.33,0.33,15
"A18",83283,7817,200756,20256,5006,287,55240,9876,67274,0.998082468561691,0.810981954274908,0.924413454765072,"FALSE","A18","A",18,1,0.33,0.33,0.33,30
"A19",92508,8368,209190,20379,5096,344,45502,10282,75067,0.997695391983469,0.815471512007211,0.922762209391316,"FALSE","A19","A",19,1,0.33,0.33,0.33,30
"M19",113606,12150,279890,30117,7608,273,61333,11406,97293,0.99859188214994,0.816358833542356,0.922049795766417,"FALSE","M19","M",19,7,0.16,0.68,0.16,30
"A20",105720,10249,249419,24531,6223,227,59544,10685,85354,0.998699533589674,0.812920308267577,0.923084925945483,"FALSE","A20","A",20,1,0.33,0.33,0.33,30
"A21",97015,9246,229371,23259,5942,162,55541,10395,78263,0.998862808607022,0.813730626117868,0.923054198912104,"FALSE","A21","A",21,1,0.33,0.33,0.33,30
"A3",20211,1873,43034,3941,969,311,12792,5210,17747,0.99008283034311,0.789823631718136,0.924099327154264,"FALSE","A3","A",3,1,0.33,0.33,0.33,3.75
"A4",21429,1982,49519,4693,1103,247,12958,5773,20113,0.994431461743931,0.802068313626974,0.91985237415981,"FALSE","A4","A",4,1,0.33,0.33,0.33,7.5
"A5",21307,1734,43840,4251,1154,142,11997,5380,17961,0.994989142589506,0.790546182957215,0.921496062860608,"FALSE","A5","A",5,1,0.33,0.33,0.33,7.5
"A6",28657,2499,60078,5520,1416,246,17934,6412,24893,0.995380226973294,0.78945888370648,0.923954154198307,"FALSE","A6","A",6,1,0.33,0.33,0.33,7.5
"A7",25687,2355,55428,5382,1372,218,15444,5896,21493,0.995114688040239,0.801284138649195,0.919694356444258,"FALSE","A7","A",7,1,0.33,0.33,0.33,7.5
"A8",26813,2365,56412,5627,1350,228,16568,6111,22881,0.995061404224002,0.796949433679931,0.924609534281922,"FALSE","A8","A",8,1,0.33,0.33,0.33,7.5
"A9",21722,1898,46657,4671,1008,228,12838,5796,20219,0.99406498788562,0.796280725655927,0.924624895086357,"FALSE","A9","A",9,1,0.33,0.33,0.33,7.5
"B1",12267,1078,25995,2354,711,218,6614,4220,12172,0.991866578218973,0.784587577403395,0.922608509194455,"FALSE","B1","B",1,1,0.33,0.33,0.33,3.75
"B10",18557,1835,41693,3775,1117,253,10603,5629,18896,0.993331921574232,0.789320490691511,0.923687064094484,"FALSE","B10","B",10,1,0.33,0.33,0.33,7.5
"B11",48220,4585,113723,10131,3039,209,25239,8231,42574,0.997745102410451,0.808075350963481,0.918940921938056,"FALSE","B11","B",11,1,0.33,0.33,0.33,15
"B12",41762,4098,99197,8955,2225,193,23674,7959,38940,0.997611710067383,0.80529018982915,0.922778396821161,"FALSE","B12","B",12,1,0.33,0.33,0.33,15
"B13",49835,4770,115467,10680,2855,168,27877,8262,42497,0.997835141069291,0.805680400779895,0.917029221585236,"FALSE","B13","B",13,1,0.33,0.33,0.33,15
"B14",46092,4095,112408,9722,2705,199,29786,8060,41336,0.997459841059256,0.813165279462656,0.919779146560106,"FALSE","B14","B",14,1,0.33,0.33,0.33,15
"B16",49667,4279,107101,9663,2450,153,39439,7642,36597,0.997622755691007,0.800065578927217,0.922862277546718,"FALSE","B16","B",16,1,0.33,0.33,0.33,15
"B17",57915,5195,133747,12581,3272,254,40712,8342,44781,0.997119313772109,0.804827940241435,0.923114507689755,"FALSE","B17","B",17,1,0.33,0.33,0.33,15
"B18",89963,8861,216629,20948,5347,229,52239,10382,76994,0.99848040094053,0.811089175674586,0.923422484424438,"FALSE","B18","B",18,1,0.33,0.33,0.33,30
"B19",87787,8477,209714,19895,5401,234,46274,10435,77774,0.998444210018972,0.81705968565111,0.925231963736986,"FALSE","B19","B",19,1,0.33,0.33,0.33,30
"B2",11682,1071,24319,2512,626,182,6466,3861,10701,0.991776468562026,0.791047564908843,0.927015300424913,"FALSE","B2","B",2,1,0.33,0.33,0.33,3.75
"B20",79477,7987,189354,19618,4735,203,46167,9898,66717,0.998321267293445,0.815549260186227,0.925116398351785,"FALSE","B20","B",20,1,0.33,0.33,0.33,30
"B21",87331,7926,194972,18327,4813,264,45292,9885,68060,0.998192770937674,0.811357625505237,0.921319288668926,"FALSE","B21","B",21,1,0.33,0.33,0.33,30
"B22",87948,8514,207895,19217,5480,199,53277,10125,72198,0.998614919942572,0.810881187732225,0.921936768063275,"FALSE","B22","B",22,1,0.33,0.33,0.33,30
"B24",122771,10946,269384,22159,6849,298,64858,10977,92520,0.998400345763251,0.805436662256222,0.91769337249315,"FALSE","B24","B",24,1,0.33,0.33,0.33,30
"B3",17147,1263,29558,2721,667,221,7341,4931,15335,0.992109552662465,0.783697423681971,0.926898645648095,"FALSE","B3","B",3,1,0.33,0.33,0.33,3.75
"B4",24414,2259,56774,4842,1304,251,12232,6161,22694,0.994624129287643,0.79955054164116,0.919053089339434,"FALSE","B4","B",4,1,0.33,0.33,0.33,7.5
"B5",23733,2159,54057,4795,1245,217,13887,6067,22246,0.994605771377054,0.796233030299275,0.922996977885023,"FALSE","B5","B",5,1,0.33,0.33,0.33,7.5
"B7",19849,1916,43148,4261,982,152,11219,6116,21712,0.995532424007216,0.796978628962335,0.927919616838791,"FALSE","B7","B",7,1,0.33,0.33,0.33,7.5
"B8",25394,2351,54915,5026,1484,236,13493,5927,21526,0.994518256529537,0.798058161851687,0.91795925022798,"FALSE","B8","B",8,1,0.33,0.33,0.33,7.5
"B9",20520,1803,47546,4497,1172,177,12808,5526,18854,0.995279515755129,0.79956507860424,0.924153535507831,"FALSE","B9","B",9,1,0.33,0.33,0.33,7.5
"C1",16873,1473,36205,3473,919,272,9372,4909,15369,0.991736612016568,0.798490467305296,0.924457723692027,"FALSE","C1","C",1,2,0.33,0.33,0.33,3.75
"C10",36970,2995,78597,7513,2042,243,22264,6900,29412,0.99598803175711,0.804297565346016,0.92214030934982,"FALSE","C10","C",10,2,0.33,0.33,0.33,7.5
"C11",68054,6323,149609,15599,3742,351,36914,9117,53138,0.996744325906744,0.809307839811565,0.922334125798087,"FALSE","C11","C",11,2,0.33,0.33,0.33,15
"C12",62805,5975,147446,14451,3659,296,33533,9198,53988,0.997184559347043,0.811717418535282,0.921093405739534,"FALSE","C12","C",12,2,0.33,0.33,0.33,15
"C13",43027,3815,95916,8904,2447,224,26976,7621,35601,0.99713491166059,0.809022218249762,0.921574977788551,"FALSE","C13","C",13,2,0.33,0.33,0.33,15
"C14",57714,4744,126042,12299,2993,254,38340,8435,44594,0.99692783760216,0.80773198169984,0.923913323784966,"FALSE","C14","C",14,2,0.33,0.33,0.33,15
"C15",57677,5570,135020,13183,3250,267,29464,8841,49645,0.997240406688037,0.809265786925317,0.920575904808963,"FALSE","C15","C",15,2,0.33,0.33,0.33,15
"C16",47329,4349,101117,9998,2540,191,26735,7904,38254,0.9975688814248,0.803288544778771,0.920870779298693,"FALSE","C16","C",16,2,0.33,0.33,0.33,15
"C17",52018,5027,117827,11911,2977,242,28333,8509,45386,0.997356012647654,0.809258361431001,0.923500435486618,"FALSE","C17","C",17,2,0.33,0.33,0.33,15
"C18",116279,10950,271350,26516,6801,236,67220,11017,92625,0.998531713792331,0.811789473596568,0.923141600740448,"FALSE","C18","C",18,2,0.33,0.33,0.33,30
"C19",106172,10332,242446,23381,6068,229,58987,10678,83343,0.998608161333452,0.81112990883324,0.920605099335865,"FALSE","C19","C",19,2,0.33,0.33,0.33,30
"C2",14176,1391,30784,2707,723,234,7534,4298,12680,0.990851734234344,0.791798106631074,0.91774375572259,"FALSE","C2","C",2,2,0.33,0.33,0.33,3.75
"C21",116693,11185,277385,26700,6745,260,70848,10988,91640,0.998581405390814,0.813051069313286,0.921529799047381,"FALSE","C21","C",21,2,0.33,0.33,0.33,30
"C22",120168,11073,274319,27094,6652,243,62301,11167,94614,0.998784534952672,0.814720865747699,0.922400392922782,"FALSE","C22","C",22,2,0.33,0.33,0.33,30
"C23",129225,12782,320570,31600,7877,350,69820,11841,113981,0.99840324255811,0.819882261006669,0.928286211887401,"FALSE","C23","C",23,2,0.33,0.33,0.33,30
"C24",139870,13355,343620,32903,8916,196,83036,11661,112198,0.999046328722522,0.811993083583309,0.923536879130031,"FALSE","C24","C",24,2,0.33,0.33,0.33,30
"C3",19867,1810,41368,3929,1009,343,11085,5556,18959,0.991455245006881,0.786644864820589,0.926314190456147,"FALSE","C3","C",3,2,0.33,0.33,0.33,3.75
"C4",23523,2211,51916,5200,1329,249,12024,5921,21363,0.994476430747331,0.800917473762619,0.918924814433921,"FALSE","C4","C",4,2,0.33,0.33,0.33,7.5
"C5",35608,2519,61553,5622,1543,276,15458,6600,26252,0.994895626620869,0.798186804510823,0.921986545030266,"FALSE","C5","C",5,2,0.33,0.33,0.33,7.5
"C6",34449,3103,75283,7538,1764,360,17379,6946,29164,0.994170895283853,0.807982443832128,0.920072376878214,"FALSE","C6","C",6,2,0.33,0.33,0.33,7.5
"C8",32469,3037,72299,7058,1890,439,16217,6898,28460,0.992375263179067,0.80354884019552,0.921152171063889,"FALSE","C8","C",8,2,0.33,0.33,0.33,7.5
"D1",15044,1553,37215,2500,883,238,7687,5076,16200,0.992592591979881,0.781913579764251,0.915369805327281,"FALSE","D1","D",1,2,0.33,0.33,0.33,3.75
"D10",23457,2325,57349,4920,1509,260,12681,6338,23917,0.994271856422515,0.796588200528248,0.921143571040026,"FALSE","D10","D",10,2,0.33,0.33,0.33,7.5
"D11",43711,4304,104363,9008,2694,190,25419,8087,41099,0.997518187547746,0.799776150076699,0.918732592342249,"FALSE","D11","D",11,2,0.33,0.33,0.33,15
"D12",60575,6036,147911,11838,3897,248,31750,9192,54675,0.99776863264787,0.806822130625181,0.917347797467252,"FALSE","D12","D",12,2,0.33,0.33,0.33,15
"D14",42033,4132,100472,8537,2330,258,25724,7647,36702,0.996784916081743,0.803907143805812,0.918505553238092,"FALSE","D14","D",14,2,0.33,0.33,0.33,15
"D15",43078,4137,103694,9034,2465,243,28448,8055,40377,0.996582212398994,0.804344057061113,0.920201867349762,"FALSE","D15","D",15,2,0.33,0.33,0.33,15
"D16",55018,4977,121274,11032,3005,204,35259,8393,44000,0.997704545227794,0.80818181799814,0.921817972314097,"FALSE","D16","D",16,2,0.33,0.33,0.33,15
"D17",52876,5122,124705,11230,2982,215,32569,8325,44369,0.997656020870956,0.807478194052722,0.921386346010425,"FALSE","D17","D",17,2,0.33,0.33,0.33,15
"D18",99121,9754,243463,21927,6296,207,54271,10784,86023,0.99869802250576,0.813189495737978,0.92048627454445,"FALSE","D18","D",18,2,0.33,0.33,0.33,30
"D19",91819,8960,218730,19772,5449,181,56042,10227,73643,0.998750729736872,0.812012003746179,0.920440378523366,"FALSE","D19","D",19,2,0.33,0.33,0.33,30
"D2",14991,1495,37552,2705,924,227,8340,5057,15984,0.992617616996611,0.790227727233341,0.915602530278697,"FALSE","D2","D",2,2,0.33,0.33,0.33,3.75
"D20",128581,11830,303340,26888,7178,210,79003,11187,99578,0.998935507742781,0.811404125327743,0.921860157679391,"FALSE","D20","D",20,2,0.33,0.33,0.33,30
"D21",123447,11398,300645,27132,7159,364,87072,11183,97188,0.998178787401924,0.813989381321358,0.924352705647538,"FALSE","D21","D",21,2,0.33,0.33,0.33,30
"D22",96208,8606,222648,21290,5442,170,63725,10492,79110,0.998811780938085,0.81154089232568,0.920970683735219,"FALSE","D22","D",22,2,0.33,0.33,0.33,30
"D24",102445,10020,251888,22318,5876,255,68837,10584,81859,0.998534064550198,0.807925823573715,0.921144782962804,"FALSE","D24","D",24,2,0.33,0.33,0.33,30
"D3",13222,1271,28109,2243,648,203,6646,4270,12375,0.992161615359869,0.787959595322861,0.918867944349136,"FALSE","D3","D",3,2,0.33,0.33,0.33,3.75
"D4",25669,2554,65581,4454,1832,256,14045,6503,25692,0.995368207615068,0.797835901915835,0.913513578735179,"FALSE","D4","D",4,2,0.33,0.33,0.33,7.5
"D5",24411,2357,60866,4780,1632,233,13466,6481,24891,0.9957012570826,0.799686633401757,0.914426533917266,"FALSE","D5","D",5,2,0.33,0.33,0.33,7.5
"D6",34149,3031,74331,5808,1835,210,19365,7323,32253,0.996124391220623,0.797507208384489,0.922580559147813,"FALSE","D6","D",6,2,0.33,0.33,0.33,7.5
"D7",26759,2618,65390,5260,1815,185,13837,6533,25877,0.996328785795753,0.798392394482207,0.920469559659327,"FALSE","D7","D",7,2,0.33,0.33,0.33,7.5
"D8",26096,2577,63778,5105,1482,289,13909,6526,26053,0.994165738688763,0.797988715004802,0.91785939513323,"FALSE","D8","D",8,2,0.33,0.33,0.33,7.5
"D9",29496,2806,69836,5747,1849,292,15238,6762,27873,0.995192479820905,0.79998564890755,0.917805432567204,"FALSE","D9","D",9,2,0.33,0.33,0.33,7.5
"E1",10958,921,23229,2439,538,124,7514,3697,10450,0.993014353116733,0.775885166721641,0.926219209359608,"FALSE","E1","E",1,3,1,0,0,3.75
"E10",21609,2515,54610,5796,1158,255,18342,5307,20250,0.993679011854973,0.785481481093589,0.921678557195774,"FALSE","E10","E",10,3,1,0,0,7.5
"E11",41048,4868,104232,10673,2280,208,35402,7285,36924,0.997129238165657,0.787428230747636,0.920891311642479,"FALSE","E11","E",11,3,1,0,0,15
"E12",52633,5971,134111,13826,3246,301,38283,8473,49844,0.996970547910085,0.796645533906459,0.922638447428287,"FALSE","E12","E",12,3,1,0,0,15
"E13",56309,6414,144511,14144,3166,267,47649,8104,47394,0.997151537958992,0.791049499769792,0.916297228278426,"FALSE","E13","E",13,3,1,0,0,15
"E14",51962,5884,128009,13368,2826,232,40423,7909,43779,0.997441695562383,0.790881472671628,0.91996141529925,"FALSE","E14","E",14,3,1,0,0,15
"E15",50937,5165,119243,12574,2594,201,42876,7570,40559,0.997139968688296,0.794201040263764,0.923444630428603,"FALSE","E15","E",15,3,1,0,0,15
"E16",51386,5315,125686,12650,2788,252,45601,7676,41790,0.997104570232806,0.792390523859203,0.921583890503974,"FALSE","E16","E",16,3,1,0,0,15
"E17",49618,5408,125210,12901,2809,312,45536,7533,40687,0.99692776538036,0.790571926956873,0.921006483396052,"FALSE","E17","E",17,3,1,0,0,15
"E18",102169,11695,260253,28271,6133,234,77117,10294,86938,0.998504681382306,0.802387908532243,0.924336777434864,"FALSE","E18","E",18,3,1,0,0,30
"E19",102478,11768,260800,27635,5866,234,74416,10211,85136,0.998684457691378,0.804125164348322,0.92098513895589,"FALSE","E19","E",19,3,1,0,0,30
"E2",17453,1857,39538,4327,1081,396,11087,4774,16183,0.988753629741857,0.782117035912923,0.913983245391308,"FALSE","E2","E",2,3,1,0,0,3.75
"E20",29643,3099,65178,7341,1492,55,22762,6804,30696,0.998924941035013,0.787170966644784,0.928329121602449,"FALSE","E20","E",20,3,1,0,0,30
"E22",100880,10807,251372,25667,5771,282,77078,10079,81715,0.998225539864379,0.795655632283466,0.921152674398498,"FALSE","E22","E",22,3,1,0,0,30
"E23",89620,10288,231009,22750,5352,266,67355,9833,76330,0.998270666710563,0.799266343403738,0.920581564184257,"FALSE","E23","E",23,3,1,0,0,30
"E24",102502,11435,271858,25422,6224,311,87275,10022,84697,0.9981935604569,0.794727085871433,0.919548399642443,"FALSE","E24","E",24,3,1,0,0,30
"E4",26135,2625,61794,5937,1295,213,23019,6057,24293,0.995307289756182,0.784711645006911,0.921540805359237,"FALSE","E4","E",4,3,1,0,0,7.5
"E5",29045,3095,72440,7563,1675,333,22462,6363,27262,0.994167705599674,0.786185899498868,0.921428757454054,"FALSE","E5","E",5,3,1,0,0,7.5
"E6",36531,3574,84335,9002,1844,342,28616,6675,30158,0.994462497183347,0.787718018175039,0.921678850826033,"FALSE","E6","E",6,3,1,0,0,7.5
"E7",35418,3307,81900,8491,1761,293,29773,6525,28960,0.994958563192349,0.787741712435172,0.924240012348062,"FALSE","E7","E",7,3,1,0,0,7.5
"E8",33699,3370,79232,7871,1828,265,23312,6564,29351,0.995604919425026,0.792102483461517,0.920309045583099,"FALSE","E8","E",8,3,1,0,0,7.5
"E9",25417,2835,63486,6720,1466,230,20487,6048,24670,0.994973651805848,0.789541953469987,0.919780737827022,"FALSE","E9","E",9,3,1,0,0,7.5
"F1",13101,1363,30779,2179,810,210,8379,4325,13285,0.991268347014476,0.769288670854883,0.917123886244722,"FALSE","F1","F",1,3,1,0,0,3.75
"F10",34549,3757,79880,7981,2006,349,24669,7167,27788,0.994637972867915,0.807003022597163,0.92737839089593,"FALSE","F10","F",10,3,1,0,0,7.5
"F11",46529,5206,118848,10119,2626,213,36564,8006,44435,0.99745695937944,0.791380668213935,0.915966936881527,"FALSE","F11","F",11,3,1,0,0,15
"F12",56431,5525,143198,12311,3269,194,51028,7953,39456,0.997490875659598,0.800486617801985,0.925663796212541,"FALSE","F12","F",12,3,1,0,0,15
"F13",43604,4642,116799,9726,2553,133,39127,7530,39942,0.99827249486799,0.790320965201962,0.917254790131994,"FALSE","F13","F",13,3,1,0,0,15
"F14",38427,3840,90555,8253,2096,149,27019,7135,30264,0.997554850318016,0.800522072164776,0.923407043547765,"FALSE","F14","F",14,3,1,0,0,15
"F16",34606,3718,99004,7630,2003,177,41759,6714,26964,0.996995994289795,0.803478712059235,0.923045199879395,"FALSE","F16","F",16,3,1,0,0,15
"F17",48341,5610,123342,11188,2849,233,37038,7731,42408,0.997311827721818,0.789662327676461,0.91428482496585,"FALSE","F17","F",17,3,1,0,0,15
"F18",95817,10648,251712,22897,5934,227,71750,10032,69913,0.99839800881118,0.803369902478313,0.926780294540315,"FALSE","F18","F",18,3,1,0,0,30
"F19",80964,8967,205622,18972,4665,158,59861,9600,70886,0.998716248483662,0.797237818356624,0.91994174873152,"FALSE","F19","F",19,3,1,0,0,30
"F2",13381,1396,30738,2275,710,193,8122,4318,13314,0.992939761910065,0.775199038023735,0.910169062513848,"FALSE","F2","F",2,3,1,0,0,3.75
"F20",79125,8741,199192,18924,4909,257,58075,9390,56942,0.998015524393591,0.807734185520752,0.925959585901516,"FALSE","F20","F",20,3,1,0,0,30
"F21",89599,10190,232033,21719,5075,189,76039,9801,76365,0.998651214430871,0.797904799214574,0.920002498526485,"FALSE","F21","F",21,3,1,0,0,30
"F22",58468,5978,153147,14792,3256,132,56764,8172,41917,0.998520886275611,0.799055275711751,0.925900964787326,"FALSE","F22","F",22,3,1,0,0,30
"F23",88064,10007,233794,22535,5160,216,75190,9684,73716,0.998562048809137,0.79857832752746,0.920383509633796,"FALSE","F23","F",23,3,1,0,0,30
"F24",67934,7819,176308,16605,4305,228,54840,8828,56347,0.998189788099066,0.787868031876077,0.921592822760249,"FALSE","F24","F",24,3,1,0,0,30
"F3",17356,1403,32726,2453,759,278,9482,4125,13029,0.990175761002244,0.774272775520552,0.911350900797528,"FALSE","F3","F",3,3,1,0,0,3.75
"F4",21482,2104,47621,3668,1258,245,12919,5359,17847,0.993388243966275,0.793690815938986,0.916792224579916,"FALSE","F4","F",4,3,1,0,0,7.5
"F5",25894,2847,64215,4893,1580,247,17578,6234,26395,0.994999052473954,0.784163667064155,0.91574127079323,"FALSE","F5","F",5,3,1,0,0,7.5
"F6",21416,1907,45904,3484,1273,155,13955,4965,15835,0.995263655828694,0.784717397673055,0.917081833229029,"FALSE","F6","F",6,3,1,0,0,7.5
"F7",23585,2531,56985,4434,1440,244,15507,6043,23435,0.994666097292654,0.788862811696666,0.916022651579837,"FALSE","F7","F",7,3,1,0,0,7.5
"F8",18225,2322,48557,3638,1339,35,15394,4984,16756,0.998687036883094,0.785270947251569,0.917103773511713,"FALSE","F8","F",8,3,1,0,0,7.5
"F9",29067,3176,68488,5647,1661,240,19090,6311,26644,0.994933192840815,0.782014712212125,0.916904024581885,"FALSE","F9","F",9,3,1,0,0,7.5
"G1",10888,1185,21934,2586,671,189,5437,3947,10514,0.990964427438687,0.778390716398715,0.921151872596659,"FALSE","G1","G",1,4,0,1,0,3.75
"G11",27198,3105,55959,7325,1517,158,14366,6543,24446,0.996563854619748,0.79158144449334,0.925672533063678,"FALSE","G11","G",11,4,0,1,0,15
"G12",36858,3985,74620,9884,1790,170,18390,7256,30619,0.996962669911832,0.797348051602813,0.922988692318922,"FALSE","G12","G",12,4,0,1,0,15
"G13",34447,3666,66691,8443,1848,163,16317,7000,27014,0.996964536537734,0.796475901089629,0.920559369008896,"FALSE","G13","G",13,4,0,1,0,15
"G14",40775,4515,80173,9817,2151,212,23678,7148,29927,0.996558291510489,0.800614829150728,0.919303331672626,"FALSE","G14","G",14,4,0,1,0,15
"G15",41835,3960,69460,9013,1843,274,17210,6997,28089,0.995229448896283,0.798248424366033,0.923136842487507,"FALSE","G15","G",15,4,0,1,0,15
"G16",51467,5479,96904,12633,2668,245,23229,8171,38752,0.996361477860146,0.802926300370839,0.922042495344112,"FALSE","G16","G",16,4,0,1,0,15
"G17",32844,3586,65331,8305,1684,179,15852,6704,26052,0.997121141947981,0.796599109167588,0.924535189415327,"FALSE","G17","G",17,4,0,1,0,15
"G18",81706,9109,174497,21374,4524,261,46017,9711,62940,0.998141086590699,0.805290752970243,0.921734839254077,"FALSE","G18","G",18,4,0,1,0,30
"G19",59709,7015,122231,15385,3254,366,29978,8792,48152,0.995991858905966,0.80110898803765,0.921415326172262,"FALSE","G19","G",19,4,0,1,0,30
"G2",12562,1225,25761,2789,667,215,6965,4490,12781,0.990767544800276,0.783585008384645,0.928017425852886,"FALSE","G2","G",2,4,0,1,0,3.75
"G20",81593,9426,173639,21487,4357,207,41017,9911,63963,0.998327157732075,0.809092756623502,0.919328217980986,"FALSE","G20","G",20,4,0,1,0,30
"G21",77595,8182,149449,18606,4230,190,35908,9386,55359,0.998121353167846,0.803536913455168,0.919272219644101,"FALSE","G21","G",21,4,0,1,0,30
"G22",76142,8477,143836,18761,3891,154,36119,9275,53845,0.998458538211819,0.805218683107955,0.920308121402522,"FALSE","G22","G",22,4,0,1,0,30
"G23",81151,9147,167424,21904,4381,236,41188,9613,60770,0.997975974823436,0.802929076715003,0.920503386456576,"FALSE","G23","G",23,4,0,1,0,30
"G24",96078,10676,204118,24438,5497,232,46487,10360,73967,0.998593967445132,0.805737693727508,0.922100271458857,"FALSE","G24","G",24,4,0,1,0,30
"G3",11099,1011,18603,2217,505,124,4826,3905,10223,0.992761419355609,0.775506210725319,0.927515477339844,"FALSE","G3","G",3,4,0,1,0,3.75
"G4",21191,2460,42947,4924,1203,175,10842,5418,18087,0.995079338201427,0.786587051038543,0.916569405335653,"FALSE","G4","G",4,4,0,1,0,7.5
"G5",23397,2550,47627,5525,1339,223,12524,5756,19791,0.994340861505563,0.791672982268873,0.920266322941578,"FALSE","G5","G",5,4,0,1,0,7.5
"G6",23630,2435,46519,5422,1269,222,11896,5936,20519,0.994200496615722,0.790876747994114,0.92221798225158,"FALSE","G6","G",6,4,0,1,0,7.5
"G7",16542,1775,32400,3804,860,129,8033,5287,16673,0.995501708753373,0.785221615315047,0.924248231123235,"FALSE","G7","G",7,4,0,1,0,7.5
"G8",20140,2142,37517,5246,1023,166,10206,5301,16921,0.99474026298993,0.783759824606253,0.925181180083222,"FALSE","G8","G",8,4,0,1,0,7.5
"G9",18528,2031,36483,4407,971,290,9525,5232,16700,0.991377244915343,0.79215568814841,0.922993459285354,"FALSE","G9","G",9,4,0,1,0,7.5
"H1",15808,1366,24843,2915,616,148,5911,4197,11573,0.99351939774171,0.789337249814795,0.924737816695916,"FALSE","H1","H",1,4,0,1,0,3.75
"H10",21506,2419,44201,5147,1199,154,11156,5735,19220,0.995889697712857,0.798283038086221,0.920707117217941,"FALSE","H10","H",10,4,0,1,0,7.5
"H11",42208,5142,83250,10380,2272,220,21471,7466,32521,0.997017311584202,0.797792195566621,0.921711841052907,"FALSE","H11","H",11,4,0,1,0,15
"H12",41715,4314,80877,9930,2186,207,20287,7551,32694,0.997124854408416,0.801186761851965,0.920933222935945,"FALSE","H12","H",12,4,0,1,0,15
"H13",38521,4028,72323,9667,1848,142,17914,7228,29842,0.997252194558926,0.798471952014452,0.923161677112232,"FALSE","H13","H",13,4,0,1,0,15
"H15",43435,4983,85837,10782,2416,117,20422,7680,33858,0.997843936145713,0.80314844326211,0.920284446723242,"FALSE","H15","H",15,4,0,1,0,15
"H16",41293,4305,78665,9729,2068,142,22478,7070,29553,0.997191486144489,0.799986464724398,0.917639184638045,"FALSE","H16","H",16,4,0,1,0,15
"H17",33167,3585,59689,8002,1588,154,15969,6374,23577,0.99656444798042,0.793400347460067,0.921787792429999,"FALSE","H17","H",17,4,0,1,0,15
"H18",56321,6436,112737,14391,3310,180,28790,8435,42234,0.997916370460312,0.802055215986633,0.916891386823084,"FALSE","H18","H",18,4,0,1,0,30
"H19",46939,5431,94749,11372,2601,128,25100,8156,39117,0.998210496459797,0.798246286576617,0.920878155053262,"FALSE","H19","H",19,4,0,1,0,30
"H2",11295,1233,21471,2602,600,199,5001,4302,11656,0.991249141222333,0.784746052861405,0.926045876762288,"FALSE","H2","H",2,4,0,1,0,3.75
"H20",49825,4875,91648,11468,2448,104,21924,8083,37730,0.998383249139045,0.806387489847234,0.923270362239501,"FALSE","H20","H",20,4,0,1,0,30
"H21",55272,5551,110985,13212,2954,170,27257,8774,46721,0.997945249245961,0.801716572675731,0.922154722254506,"FALSE","H21","H",21,4,0,1,0,30
"H22",87700,9882,181865,23214,4513,209,43665,10172,69275,0.998397690220368,0.807766149287944,0.924965582827054,"FALSE","H22","H",22,4,0,1,0,30
"H23",73602,8175,146594,17721,3983,210,33974,9341,54579,0.998131149160276,0.804979937191048,0.918448319234812,"FALSE","H23","H",23,4,0,1,0,30
"H3",12455,1218,23492,2697,636,186,5583,4347,12043,0.992028563487479,0.781034625275235,0.923855414883821,"FALSE","H3","H",3,4,0,1,0,3.75
"H4",21249,1969,37321,4479,976,155,9724,5350,17148,0.995043153140283,0.790471191514771,0.923022554803735,"FALSE","H4","H",4,4,0,1,0,7.5
"H5",18748,1991,33420,4026,850,109,9103,4867,14890,0.995970449297535,0.79194089940098,0.92189326937994,"FALSE","H5","H",5,4,0,1,0,7.5
"H6",23615,2556,45243,5150,1112,160,11410,6025,20812,0.995819718914175,0.786036901409746,0.923793521144762,"FALSE","H6","H",6,4,0,1,0,7.5
"H7",26692,2790,51199,5952,1365,267,12356,6159,22485,0.994307315546228,0.786079608278372,0.92114702194929,"FALSE","H7","H",7,4,0,1,0,7.5
"H8",136671,1676,31265,3427,771,90,8245,5342,17018,0.996533082032828,0.784052179583939,0.928898267188702,"FALSE","H8","H",8,4,0,1,0,7.5
"H9",18912,1847,35402,3901,1079,103,8870,5169,16509,0.996365618149878,0.783996607435946,0.922041963751915,"FALSE","H9","H",9,4,0,1,0,7.5
"I1",9766,621,15248,1510,382,129,2872,3475,8476,0.99162340609766,0.789641339323217,0.931924337040659,"FALSE","I1","I",1,5,0,0,1,3.75
"I10",22374,1296,32313,2944,726,174,5847,5077,15775,0.993597463712458,0.804057051788236,0.929254561486807,"FALSE","I10","I",10,5,0,0,1,7.5
"I11",52372,3040,77780,7088,1839,251,13925,7334,32265,0.995691925927261,0.825879435665309,0.928746031691916,"FALSE","I11","I",11,5,0,0,1,15
"I12",49968,2709,66318,6419,1624,187,12897,7022,29847,0.996482058164478,0.81096927637251,0.926457960110577,"FALSE","I12","I",12,5,0,0,1,15
"I13",42865,2727,66014,5976,1623,209,11489,6822,28131,0.996231914615111,0.817567807465939,0.924886806410435,"FALSE","I13","I",13,5,0,0,1,15
"I14",45331,2740,66257,6784,1653,169,12128,7169,30682,0.997197053322079,0.816048497224415,0.930023815258518,"FALSE","I14","I",14,5,0,0,1,15
"I15",48728,3073,73209,6774,1750,131,12535,7029,30408,0.997500657393613,0.815805051034003,0.925710034954606,"FALSE","I15","I",15,5,0,0,1,15
"I16",56372,3348,76170,7677,1914,162,13717,7294,32643,0.997028459088617,0.821370584559823,0.925925642273798,"FALSE","I16","I",16,5,0,0,1,15
"I17",43261,2436,66667,5496,1709,187,12067,6720,27883,0.996557041567781,0.81809704808733,0.924433911546852,"FALSE","I17","I",17,5,0,0,1,15
"I18",75681,4738,119492,11555,2697,178,20286,8956,51489,0.998057837402541,0.826409524203925,0.9281009675657,"FALSE","I18","I",18,5,0,0,1,30
"I20",97566,6845,165220,14474,3951,190,32059,10400,76411,0.998324848385923,0.822931253245877,0.933059254157222,"FALSE","I20","I",20,5,0,0,1,30
"I21",96239,5468,156059,14284,3823,218,27181,9456,61375,0.998061099633717,0.827682280924206,0.926663800136244,"FALSE","I21","I",21,5,0,0,1,30
"I22",92361,5470,147453,12654,3401,242,25697,9220,57160,0.997900629636476,0.827186843802102,0.926801797270504,"FALSE","I22","I",22,5,0,0,1,30
"I23",74091,4839,131102,11344,2940,306,20962,8870,51054,0.997375327888632,0.830101461035354,0.929584179577667,"FALSE","I23","I",23,5,0,0,1,30
"I24",114671,8714,201788,18388,5016,292,40887,11133,94910,0.998029712253922,0.822863765586043,0.934537884886958,"FALSE","I24","I",24,5,0,0,1,30
"I3",12997,868,20943,1835,413,197,3910,4032,10784,0.989892432316494,0.790430266329349,0.930544389331983,"FALSE","I3","I",3,5,0,0,1,3.75
"I4",18947,1315,30653,2794,754,203,5960,4893,15071,0.992435803203214,0.796430229715062,0.92701152742915,"FALSE","I4","I",4,5,0,0,1,7.5
"I5",24182,1547,38075,3414,870,162,7030,5603,18605,0.995108841174357,0.802579951194528,0.926470880692889,"FALSE","I5","I",5,5,0,0,1,7.5
"I6",21884,1468,33014,3138,784,200,6717,5311,17246,0.994549460167836,0.789342455764037,0.929432373053245,"FALSE","I6","I",6,5,0,0,1,7.5
"I7",25566,1583,37161,3528,908,235,7231,5575,18404,0.993860029888144,0.798902412084926,0.929906036782201,"FALSE","I7","I",7,5,0,0,1,7.5
"I8",24958,1695,37240,3681,866,213,7032,5389,17437,0.993462177557228,0.807019555653484,0.927395235765765,"FALSE","I8","I",8,5,0,0,1,7.5
"J1",15678,583,15388,1505,370,131,2967,3299,8088,0.991592481464401,0.781033629103569,0.925938518869289,"FALSE","J1","J",1,5,0,0,1,3.75
"J10",19738,1275,29571,2780,695,119,6481,5039,15644,0.995397595886348,0.792060853495231,0.93070766382788,"FALSE","J10","J",10,5,0,0,1,7.5
"J11",32255,1990,51529,4338,1248,128,9136,6029,22069,0.997145316508611,0.811228419588007,0.923557513454387,"FALSE","J11","J",11,5,0,0,1,15
"J12",29356,1929,46932,4325,1119,133,9290,5968,21451,0.996410423291963,0.804531256908987,0.926110239098299,"FALSE","J12","J",12,5,0,0,1,15
"J13",29317,1730,46008,4270,1193,164,8640,6006,21901,0.995570978039555,0.810602255234646,0.925665072067453,"FALSE","J13","J",13,5,0,0,1,15
"J14",25826,1671,39525,3640,857,118,7246,5618,18901,0.996349398975531,0.80831701983582,0.928257273024034,"FALSE","J14","J",14,5,0,0,1,15
"J15",37657,2176,57785,5081,1344,120,10384,6314,24090,0.997135740557436,0.816313822824278,0.928351627915472,"FALSE","J15","J",15,5,0,0,1,15
"J16",44296,2470,65898,6279,1604,141,12144,6801,27964,0.99717493885096,0.816585609778077,0.926190485556256,"FALSE","J16","J",16,5,0,0,1,15
"J18",71824,4359,123199,10800,2875,169,20646,9029,52253,0.998373298949654,0.825273189898135,0.926109328438687,"FALSE","J18","J",18,5,0,0,1,30
"J19",64658,3985,106875,9262,2675,126,18779,8211,43069,0.998490793610604,0.825628642219316,0.923517861218542,"FALSE","J19","J",19,5,0,0,1,30
"J2",9648,686,16672,1373,482,157,3381,3531,9088,0.990867076374486,0.776738555483342,0.931337003370375,"FALSE","J2","J",2,5,0,0,1,3.75
"J20",47539,3047,81837,7651,1972,84,13854,8169,40001,0.998525036624453,0.821154470932938,0.932076465069257,"FALSE","J20","J",20,5,0,0,1,30
"J21",68586,4155,123837,9976,3014,128,19484,8770,49907,0.998537279139492,0.827759632751366,0.925160613709377,"FALSE","J21","J",21,5,0,0,1,30
"J22",63841,4105,120452,10071,2645,155,19667,8684,48169,0.99827689987372,0.825406381526416,0.927857973414857,"FALSE","J22","J",22,5,0,0,1,30
"J23",56371,3301,89633,8289,2085,104,15638,7971,38317,0.998173134379473,0.82712634057282,0.930396186967616,"FALSE","J23","J",23,5,0,0,1,30
"J24",49918,3367,91260,7818,2223,108,15877,7838,36756,0.998204374524376,0.821389704858692,0.927685023483234,"FALSE","J24","J",24,5,0,0,1,30
"J3",11036,800,17984,1528,448,128,3522,3618,9459,0.992493920084053,0.782852309141714,0.928321251378315,"FALSE","J3","J",3,5,0,0,1,3.75
"J4",16788,1195,28112,2618,763,127,5836,4999,15068,0.99462436886473,0.789288558010825,0.929054334314883,"FALSE","J4","J",4,5,0,0,1,7.5
"J5",23717,1491,35341,3724,867,153,7740,5559,18551,0.994663359929565,0.795644439223953,0.928736494670641,"FALSE","J5","J",5,5,0,0,1,7.5
"J6",20757,1234,32572,2911,774,140,6243,4997,15640,0.994629155374278,0.799296674680757,0.926150302972952,"FALSE","J6","J",6,5,0,0,1,7.5
"J7",21223,1232,31229,2952,741,119,6456,4887,15000,0.995133332669911,0.800533332799644,0.928199381200413,"FALSE","J7","J",7,5,0,0,1,7.5
"J8",16519,1072,27105,2330,650,162,5278,4483,12819,0.992979170767627,0.798814259459541,0.932521310147976,"FALSE","J8","J",8,5,0,0,1,7.5
"J9",19436,1243,29860,2722,691,139,5534,4915,14831,0.994673318727885,0.800822600768106,0.925965257929163,"FALSE","J9","J",9,5,0,0,1,7.5
"K1",13837,1370,26112,3191,529,125,7736,4426,12891,0.993483825154384,0.780932432874926,0.928011071281459,"FALSE","K1","K",1,6,0.68,0.16,0.16,3.75
"K10",29955,2811,55374,7080,1314,267,17253,5906,21814,0.993627944900693,0.796002566793801,0.922984815721639,"FALSE","K10","K",10,6,0.68,0.16,0.16,7.5
"K11",66394,4907,101111,12319,2235,182,32482,7764,38176,0.997328164030457,0.800293377828926,0.928410276506109,"FALSE","K11","K",11,6,0.68,0.16,0.16,15
"K12",53013,4949,95719,12525,2368,192,29388,7699,37302,0.99718513725881,0.798536271299518,0.92364995880919,"FALSE","K12","K",12,6,0.68,0.16,0.16,15
"K13",58672,5523,108081,13438,2447,237,32656,7988,40884,0.997089325653779,0.802318755307133,0.923123734682581,"FALSE","K13","K",13,6,0.68,0.16,0.16,15
"K15",53421,4772,95686,12636,2334,190,28617,7619,36357,0.99738702285739,0.796490359271532,0.926176272471251,"FALSE","K15","K",15,6,0.68,0.16,0.16,15
"K18",97809,8928,169814,22288,4248,227,56937,9228,57780,0.99802699878885,0.794513672413549,0.922170141542032,"FALSE","K18","K",18,6,0.68,0.16,0.16,30
"K2",15927,1388,29002,3542,707,176,8724,4417,13107,0.992446783403947,0.783169298250424,0.925764152159798,"FALSE","K2","K",2,6,0.68,0.16,0.16,3.75
"K20",117164,10239,205890,26658,4689,130,66405,9789,69066,0.998957518750332,0.80753192586692,0.922306066326982,"FALSE","K20","K",20,6,0.68,0.16,0.16,30
"K21",84253,8328,165094,19833,3972,184,48744,9329,59855,0.998262467463326,0.805129061765077,0.92440048042762,"FALSE","K21","K",21,6,0.68,0.16,0.16,30
"K22",114806,11156,226186,26741,5181,285,67393,10306,76606,0.998054982508151,0.806307599821645,0.922956305908636,"FALSE","K22","K",22,6,0.68,0.16,0.16,30
"K23",88488,8706,167730,20452,3831,201,54865,9180,58471,0.998135827846601,0.804911836499305,0.921140236845575,"FALSE","K23","K",23,6,0.68,0.16,0.16,30
"K24",96344,9052,179734,20932,4182,200,52590,9604,62396,0.998413359670746,0.804410539008204,0.92254296388503,"FALSE","K24","K",24,6,0.68,0.16,0.16,30
"K3",15683,1508,29667,3451,758,252,9190,4245,12724,0.990726185955104,0.779707638494414,0.928716654576663,"FALSE","K3","K",3,6,0.68,0.16,0.16,3.75
"K4",24446,2504,46239,6025,1029,190,14041,5296,18334,0.994654739285123,0.791316678961865,0.926038548031773,"FALSE","K4","K",4,6,0.68,0.16,0.16,7.5
"K5",269590,2927,62068,7322,1537,250,18160,6915,29333,0.995431765930716,0.793270377802042,0.9300784338191,"FALSE","K5","K",5,6,0.68,0.16,0.16,7.5
"K6",93345,2793,58154,6508,1244,231,16893,6671,26907,0.995651688781487,0.79488608882637,0.926041206362208,"FALSE","K6","K",6,6,0.68,0.16,0.16,7.5
"K7",26238,2634,50303,5965,1187,202,15326,5676,19991,0.99519783852974,0.791806312444697,0.925816154361386,"FALSE","K7","K",7,6,0.68,0.16,0.16,7.5
"K8",31550,2822,55151,7185,1285,295,16740,5978,22412,0.993753345978158,0.79573442762996,0.924415079236534,"FALSE","K8","K",8,6,0.68,0.16,0.16,7.5
"K9",20802,1658,33232,4064,771,142,9875,5039,16073,0.994400546883344,0.780501461593666,0.927393188954651,"FALSE","K9","K",9,6,0.68,0.16,0.16,7.5
"L1",11818,1159,23400,2516,578,208,7049,3723,10283,0.98959447535778,0.78235923292584,0.927257680387357,"FALSE","L1","L",1,6,0.68,0.16,0.16,3.75
"L10",24497,2151,45335,5664,1155,181,13470,5524,18919,0.995084306255572,0.789576615682871,0.927691248114991,"FALSE","L10","L",10,6,0.68,0.16,0.16,7.5
"L11",48108,4556,92673,11694,2133,225,29481,7295,33904,0.996814534864082,0.792561349459485,0.923873016790639,"FALSE","L11","L",11,6,0.68,0.16,0.16,15
"L12",51291,4691,94041,11645,2243,183,28450,7757,36972,0.997376392676248,0.798901871470599,0.926863321739878,"FALSE","L12","L",12,6,0.68,0.16,0.16,15
"L13",53491,5075,102193,12790,2407,169,31519,7740,37534,0.997682101295443,0.797543560292656,0.923615675490042,"FALSE","L13","L",13,6,0.68,0.16,0.16,15
"L14",49367,4299,90917,10573,2099,138,30940,7046,31433,0.9979321092489,0.795883307098946,0.920879037674089,"FALSE","L14","L",14,6,0.68,0.16,0.16,15
"L17",59013,5409,141990,14625,2706,228,58833,8063,44196,0.997465833786436,0.804122544844755,0.927504541699579,"FALSE","L17","L",17,6,0.68,0.16,0.16,15
"L18",69976,6392,136955,17476,3358,185,42370,9141,54079,0.997965938534742,0.800125741822126,0.928363888318222,"FALSE","L18","L",18,6,0.68,0.16,0.16,30
"L2",12416,1103,22486,2577,521,189,6187,3910,10680,0.990823969109715,0.775468164067914,0.928089018643241,"FALSE","L2","L",2,6,0.68,0.16,0.16,3.75
"L20",93278,8533,179518,21949,4074,176,54886,9485,61239,0.998530348144396,0.802642107022871,0.924231139595496,"FALSE","L20","L",20,6,0.68,0.16,0.16,30
"L22",88437,8646,172187,20742,4056,119,53927,9317,58649,0.998806458592848,0.800559259185909,0.923834860980603,"FALSE","L22","L",22,6,0.68,0.16,0.16,30
"L23",100473,9634,187324,24470,4544,189,61291,9446,62393,0.998413283381403,0.802077155962676,0.924334312449423,"FALSE","L23","L",23,6,0.68,0.16,0.16,30
"L24",79872,7617,159700,19621,3692,188,50735,8990,54124,0.998337151541213,0.799682211070933,0.922732813034363,"FALSE","L24","L",24,6,0.68,0.16,0.16,30
"L3",10227,975,18259,2347,424,125,5648,3569,9377,0.991788417413044,0.777434146552806,0.929400736482098,"FALSE","L3","L",3,6,0.68,0.16,0.16,3.75
"L4",23159,2109,43708,5112,1004,174,13457,5289,17827,0.995175856288116,0.792449654573148,0.928478752185588,"FALSE","L4","L",4,6,0.68,0.16,0.16,7.5
"L5",23812,2196,42588,5342,1066,203,12408,5278,17638,0.994103639304851,0.793003741471253,0.923800360698288,"FALSE","L5","L",5,6,0.68,0.16,0.16,7.5
"L6",24249,2067,47252,5479,1179,143,17198,5280,18381,0.995810891139867,0.78755236342552,0.927642169826359,"FALSE","L6","L",6,6,0.68,0.16,0.16,7.5
"L8",20931,2080,40179,4861,953,145,13271,5075,16746,0.995461602176364,0.788904812618593,0.929833434949579,"FALSE","L8","L",8,6,0.68,0.16,0.16,7.5
"L9",25890,2491,53428,6240,1294,240,16439,5969,21946,0.994714298279999,0.792217260187634,0.925726362104091,"FALSE","L9","L",9,6,0.68,0.16,0.16,7.5
"M1",18081,1594,36172,3881,1001,322,8138,5096,15951,0.990721584232511,0.796501786222493,0.920004438590409,"FALSE","M1","M",1,7,0.16,0.68,0.16,3.75
"M10",32692,3364,73784,8020,1891,225,20665,6956,28467,0.995784592336465,0.807320757084582,0.920960789348794,"FALSE","M10","M",10,7,0.16,0.68,0.16,7.5
"M11",48326,4980,110631,11933,2896,251,26813,8477,43171,0.996849736861122,0.80869101924702,0.921266377599227,"FALSE","M11","M",11,7,0.16,0.68,0.16,15
"M12",58477,5861,139263,14245,3313,273,40328,8837,49024,0.99738903373911,0.810378589913026,0.922180784476831,"FALSE","M12","M",12,7,0.16,0.68,0.16,15
"M13",49503,5045,117602,12550,3260,232,29823,8676,44924,0.997128483439336,0.810769299080498,0.923848961835775,"FALSE","M13","M",13,7,0.16,0.68,0.16,15
"M15",40466,4274,97083,9877,2717,179,22026,7902,37383,0.997565738170407,0.807479335310842,0.918304866301563,"FALSE","M15","M",15,7,0.16,0.68,0.16,15
"M16",41594,4206,103133,10318,2569,294,28561,7890,37774,0.996267273522458,0.814581457930168,0.922777327585819,"FALSE","M16","M",16,7,0.16,0.68,0.16,15
"M18",95887,10324,235934,24952,6667,294,54793,10880,84745,0.998194583633466,0.812791315025926,0.92154098512703,"FALSE","M18","M",18,7,0.16,0.68,0.16,30
"M2",14249,1411,32708,3016,812,354,8304,5024,15292,0.988032957763515,0.787601359673292,0.925973760153178,"FALSE","M2","M",2,7,0.16,0.68,0.16,3.75
"M20",102775,9788,245887,25894,6527,355,62848,10854,84786,0.998136484679294,0.812987993204894,0.921885579944144,"FALSE","M20","M",20,7,0.16,0.68,0.16,30
"M21",88270,8041,187901,19050,4789,269,54007,9905,66375,0.998161958418356,0.809838041309252,0.922952779969449,"FALSE","M21","M",21,7,0.16,0.68,0.16,30
"M22",83802,9046,189877,20757,5169,197,43344,10052,67393,0.998456812873969,0.807175819327352,0.919679949003613,"FALSE","M22","M",22,7,0.16,0.68,0.16,30
"M23",71940,7846,177585,17562,4592,179,38939,10084,67239,0.998646618629271,0.813292880498923,0.922708409894792,"FALSE","M23","M",23,7,0.16,0.68,0.16,30
"M24",96402,9900,231645,23765,6116,282,51162,10630,80955,0.998171823729458,0.808733246765643,0.919782481652464,"FALSE","M24","M",24,7,0.16,0.68,0.16,30
"M3",13669,1471,32499,3237,774,282,7270,4776,14226,0.990088569527563,0.791508504996831,0.923308784402654,"FALSE","M3","M",3,7,0.16,0.68,0.16,3.75
"M4",28357,3025,67810,7221,1796,355,18715,6571,26142,0.993956085611676,0.805408920202965,0.918712830421226,"FALSE","M4","M",4,7,0.16,0.68,0.16,7.5
"M5",27386,2659,53588,5594,1414,189,14232,6195,22617,0.995136401381644,0.798514391476096,0.919794437903154,"FALSE","M5","M",5,7,0.16,0.68,0.16,7.5
"M6",34487,3236,76617,8078,1865,265,20856,7157,30547,0.99554784397959,0.802271908599119,0.922414337769883,"FALSE","M6","M",6,7,0.16,0.68,0.16,7.5
"M7",26276,2627,57017,5914,1541,202,14323,6362,23805,0.995463137578045,0.799579919848948,0.921318663592244,"FALSE","M7","M",7,7,0.16,0.68,0.16,7.5
"M8",26301,2211,56070,5860,1560,189,14177,6715,25725,0.995996112343636,0.796579202800164,0.922448621011226,"FALSE","M8","M",8,7,0.16,0.68,0.16,7.5
"M9",24712,2305,52830,5941,1378,183,14698,5998,20902,0.995263610661533,0.799827767295078,0.924456547480362,"FALSE","M9","M",9,7,0.16,0.68,0.16,7.5
"N1",10834,1166,25901,1729,768,203,5483,4226,11665,0.991255892849331,0.782940419388821,0.911700890097822,"FALSE","N1","N",1,7,0.16,0.68,0.16,3.75
"N10",19450,2122,45598,3881,1270,165,10214,5976,20678,0.995550826484403,0.798336395783762,0.918318542258177,"FALSE","N10","N",10,7,0.16,0.68,0.16,7.5
"N11",37356,4291,95394,8157,2536,286,20341,7863,37322,0.996329242538897,0.801511172819915,0.914205853328907,"FALSE","N11","N",11,7,0.16,0.68,0.16,15
"N13",44344,4342,109425,10187,2931,159,28748,8165,40561,0.997756465324386,0.803555138974987,0.917556047051097,"FALSE","N13","N",13,7,0.16,0.68,0.16,15
"N14",37817,4197,93554,7879,2482,213,19906,7819,36500,0.99687671205565,0.800356164164286,0.917068241899112,"FALSE","N14","N",14,7,0.16,0.68,0.16,15
"N15",47064,5198,117422,10599,3108,291,26597,8395,43751,0.996914356015425,0.806038718930758,0.914744596753309,"FALSE","N15","N",15,7,0.16,0.68,0.16,15
"N16",43682,4317,107838,9857,2907,204,28429,8232,42137,0.997555592235433,0.803593041554075,0.921588883501701,"FALSE","N16","N",16,7,0.16,0.68,0.16,15
"N17",44252,4743,108466,9984,2921,268,24798,8085,39739,0.996829311005101,0.80610986667855,0.913585919729757,"FALSE","N17","N",17,7,0.16,0.68,0.16,15
"N18",66186,7021,164003,15030,4704,193,33108,10020,65638,0.99838508166026,0.813385538740762,0.920960278960316,"FALSE","N18","N",18,7,0.16,0.68,0.16,30
"N19",67324,7256,165273,15781,4538,218,41850,9608,60238,0.99807430509013,0.807496928714848,0.919021063278817,"FALSE","N19","N",19,7,0.16,0.68,0.16,30
"N2",9868,1196,24500,1610,730,230,5243,4137,11632,0.990113479203823,0.782926409230634,0.915061111536183,"FALSE","N2","N",2,7,0.16,0.68,0.16,3.75
"N20",62722,5939,139392,14289,3690,226,36338,9133,51846,0.997743316553303,0.809821393972568,0.923349742824954,"FALSE","N20","N",20,7,0.16,0.68,0.16,30
"N21",81198,8877,206280,19093,5210,281,55763,10043,68981,0.997984952233516,0.806874356589949,0.919513935791894,"FALSE","N21","N",21,7,0.16,0.68,0.16,30
"N22",71977,7795,180810,17291,4773,192,39762,9905,65036,0.998447013807976,0.811489021340259,0.919259960750975,"FALSE","N22","N",22,7,0.16,0.68,0.16,30
"N23",86543,9140,209803,21238,5468,275,52266,10235,72793,0.998227851442003,0.809899303393197,0.921063712023998,"FALSE","N23","N",23,7,0.16,0.68,0.16,30
"N24",82213,8166,194766,18927,5028,295,41574,10234,70200,0.998048432906261,0.813589743473848,0.920242034153556,"FALSE","N24","N",24,7,0.16,0.68,0.16,30
"N3",11933,1029,24614,1873,725,187,5615,4405,12516,0.991530839731918,0.77676573923237,0.918823171282222,"FALSE","N3","N",3,7,0.16,0.68,0.16,3.75
"N4",21600,2116,50898,3949,1436,271,10892,6041,21644,0.993947513863451,0.797264830531665,0.913416691269317,"FALSE","N4","N",4,7,0.16,0.68,0.16,7.5
"N5",21621,2551,54930,4442,1642,271,11337,6292,23387,0.994441355883849,0.796596399368625,0.91328476791176,"FALSE","N5","N",5,7,0.16,0.68,0.16,7.5
"N6",24457,2661,57069,4947,1740,287,12523,6813,27543,0.99437243546659,0.789783247725454,0.920342402664052,"FALSE","N6","N",6,7,0.16,0.68,0.16,7.5
"N7",21010,2195,49762,3944,1438,231,10888,6096,21592,0.994766579754184,0.790014819937933,0.916542739652307,"FALSE","N7","N",7,7,0.16,0.68,0.16,7.5
"N8",23150,2621,59840,4919,1592,212,14002,6322,24193,0.995659901212888,0.793617988346374,0.915347036189379,"FALSE","N8","N",8,7,0.16,0.68,0.16,7.5
"N9",24538,2467,61014,5102,1774,294,14863,6238,23534,0.993711225888624,0.791663125354099,0.911149438620958,"FALSE","N9","N",9,7,0.16,0.68,0.16,7.5
"O1",15556,1293,33664,3222,884,331,6035,4778,14646,0.99009968524505,0.805407619278023,0.923937645816164,"FALSE","O1","O",1,8,0.16,0.16,0.68,3.75
"O10",23315,1768,48383,4222,1227,273,11298,5947,21163,0.993573689461053,0.800406369229123,0.924632176613818,"FALSE","O10","O",10,8,0.16,0.16,0.68,7.5
"O11",57462,4322,121148,10923,2751,333,35880,8206,42525,0.996025866902757,0.816249264946208,0.926537113101208,"FALSE","O11","O",11,8,0.16,0.16,0.68,15
"O12",44164,3465,91752,9132,2245,227,18383,7956,37422,0.996793329860298,0.813318368656587,0.928544458194522,"FALSE","O12","O",12,8,0.16,0.16,0.68,15
"O13",45739,3260,95495,8700,2195,160,22826,7501,34559,0.997395757690501,0.806938857951058,0.921583112479206,"FALSE","O13","O",13,8,0.16,0.16,0.68,15
"O14",48060,4034,108918,9951,2617,263,23721,8658,45405,0.997224975003364,0.814932276001556,0.924765791264004,"FALSE","O14","O",14,8,0.16,0.16,0.68,15
"O15",41261,3087,86773,8352,2114,232,19218,7574,33864,0.996574533133542,0.815024804862088,0.927503860292978,"FALSE","O15","O",15,8,0.16,0.16,0.68,15
"O16",55689,4178,118099,11012,2978,318,21649,8523,45021,0.99657937384852,0.818640189951658,0.92370206710156,"FALSE","O16","O",16,8,0.16,0.16,0.68,15
"O17",52256,4073,111727,9751,2796,222,19722,8478,44069,0.997458530713776,0.819033787737631,0.925820661730318,"FALSE","O17","O",17,8,0.16,0.16,0.68,15
"O18",94546,7227,192766,17840,4870,214,41491,9921,68774,0.99835693706948,0.819917410530154,0.924113629552792,"FALSE","O18","O",18,8,0.16,0.16,0.68,30
"O19",103159,7866,214609,20113,5583,267,44223,10345,74973,0.998239366038675,0.818227895266532,0.92626666583081,"FALSE","O19","O",19,8,0.16,0.16,0.68,30
"O2",13836,1045,27815,2616,634,238,5830,4467,13052,0.989963223268493,0.804704259267006,0.929435389644967,"FALSE","O2","O",2,8,0.16,0.16,0.68,3.75
"O20",87884,7196,196599,17827,4665,264,34679,10338,72698,0.998253046714043,0.826253817047752,0.928911259056472,"FALSE","O20","O",20,8,0.16,0.16,0.68,30
"O21",97312,7286,197747,18811,4741,228,46435,9993,69248,0.998483710576698,0.817973082136961,0.923694413745608,"FALSE","O21","O",21,8,0.16,0.16,0.68,30
"O24",87945,6602,182272,18525,4466,243,45781,10309,72100,0.998210818169458,0.822732316113352,0.928765474512417,"FALSE","O24","O",24,8,0.16,0.16,0.68,30
"O4",29940,2436,61894,5590,1612,224,12471,6523,25078,0.99525480461151,0.81617353823424,0.921085843733215,"FALSE","O4","O",4,8,0.16,0.16,0.68,7.5
"O5",28928,2102,61613,5492,1659,292,11202,6596,25700,0.994085602726037,0.811556419917682,0.922723376372227,"FALSE","O5","O",5,8,0.16,0.16,0.68,7.5
"O6",30900,2492,65044,6294,1667,283,12809,6836,27769,0.994814360979936,0.807519175768836,0.928949213529759,"FALSE","O6","O",6,8,0.16,0.16,0.68,7.5
"O7",31741,2501,64553,5797,1726,251,13099,6456,25441,0.995086670730283,0.812114303363817,0.921386375776748,"FALSE","O7","O",7,8,0.16,0.16,0.68,7.5
"O8",23791,1953,46996,4247,1199,267,8640,5834,20296,0.992707922254283,0.808632242408045,0.930872619790787,"FALSE","O8","O",8,8,0.16,0.16,0.68,7.5
"O9",23970,1687,45904,4311,1220,265,9687,5759,20053,0.993068368327398,0.804069216175101,0.928688511101326,"FALSE","O9","O",9,8,0.16,0.16,0.68,7.5
"P10",23367,1961,53660,4034,1295,308,9514,6405,23540,0.993967714106216,0.808156329308345,0.925318213543665,"FALSE","P10","P",10,8,0.16,0.16,0.68,7.5
"P12",39971,3152,91923,7073,2383,247,15954,7763,36679,0.996919217809395,0.812263147628817,0.92025384545548,"FALSE","P12","P",12,8,0.16,0.16,0.68,15
"P14",64493,5050,145523,12754,3566,288,36206,8882,52258,0.997206169199509,0.813751004475152,0.923533062204244,"FALSE","P14","P",14,8,0.16,0.16,0.68,15
"P15",44999,3974,100366,8567,2478,265,19588,8388,41998,0.996833182295149,0.813276822512196,0.925115261413576,"FALSE","P15","P",15,8,0.16,0.16,0.68,15
"P16",40281,2982,86527,7563,2078,175,20882,7438,33031,0.997184462778243,0.808725136747684,0.922981162247234,"FALSE","P16","P",16,8,0.16,0.16,0.68,15
"P17",40910,3174,87610,7750,2289,194,17272,7393,33558,0.996990285178798,0.812950711957521,0.9227901177692,"FALSE","P17","P",17,8,0.16,0.16,0.68,15
"P18",66600,4525,123379,11530,3056,146,27595,8772,46994,0.998212537558366,0.814316721110287,0.922755900166851,"FALSE","P18","P",18,8,0.16,0.16,0.68,30
"P19",78691,6067,172850,14698,4469,231,32567,9640,62796,0.998184597586123,0.820100006239235,0.920870609454327,"FALSE","P19","P",19,8,0.16,0.16,0.68,30
"P20",84548,6016,182551,16174,4801,186,42786,9634,62841,0.998472334781676,0.809407870528889,0.920656749469813,"FALSE","P20","P",20,8,0.16,0.16,0.68,30
"P21",87952,6069,168291,14933,4123,199,31999,9877,65921,0.998483032569518,0.822590676594319,0.926032534999085,"FALSE","P21","P",21,8,0.16,0.16,0.68,30
"P22",86325,6838,190068,16157,4816,246,34233,10227,71787,0.998119436527767,0.822488751330674,0.925557423271982,"FALSE","P22","P",22,8,0.16,0.16,0.68,30
"P3",11269,918,26079,2043,691,193,4712,4380,12319,0.991476580086471,0.798847308386357,0.925561388455728,"FALSE","P3","P",3,8,0.16,0.16,0.68,3.75
"P4",19344,1567,43002,3034,1153,250,7967,5583,19160,0.992693110129075,0.796659707308633,0.920458809781415,"FALSE","P4","P",4,8,0.16,0.16,0.68,7.5
"P5",19221,1647,45616,3713,1098,306,10359,5763,20049,0.99221906280003,0.798443812260739,0.925581861648032,"FALSE","P5","P",5,8,0.16,0.16,0.68,7.5
"P6",20550,1564,47757,3603,1266,187,9180,6039,21640,0.995286506009572,0.804805914600367,0.920794398893531,"FALSE","P6","P",6,8,0.16,0.16,0.68,7.5
"P7",23150,1932,54944,4013,1343,293,10566,6405,24422,0.994144623292873,0.803701580213045,0.92510812992051,"FALSE","P7","P",7,8,0.16,0.16,0.68,7.5
"P8",19604,1538,46844,3278,1280,446,10441,5450,18950,0.989393139319582,0.795725593247638,0.919207958201605,"FALSE","P8","P",8,8,0.16,0.16,0.68,7.5
"P9",19910,1661,48238,3468,1132,241,8739,5940,20926,0.994169931666745,0.802207779412115,0.923348502652919,"FALSE","P9","P",9,8,0.16,0.16,0.68,7.5
